{
  "dataset": "custom_repliclust_dataset",
  "algorithm": "sdgca_modified",
  "algorithm_label": "SDGCA, модифицированная версия",
  "method": "average",
  "method_label": "average",
  "seed": 19,
  "m": 20,
  "runs": 5,
  "nmi_mean": 0.708198,
  "nmi_std": 0.057808,
  "ari_mean": 0.511411,
  "ari_std": 0.108139,
  "f_mean": 0.633794,
  "f_std": 0.076619,
  "created_at": "2026-05-10T23:18:18",
  "nmi_scores": [
    0.6779884767663721,
    0.8238044775835364,
    0.679409123022461,
    0.6803771388097465,
    0.679409123022461
  ],
  "ari_scores": [
    0.45635739227665245,
    0.7276825966112626,
    0.4571479211651037,
    0.45871855268453054,
    0.4571479211651037
  ],
  "f_scores": [
    0.5947826049936753,
    0.7870288140858486,
    0.5953598192001865,
    0.5964403159354206,
    0.5953598192001865
  ],
  "selected_base_clusterings": [
    21,
    23,
    9,
    11,
    14,
    26,
    4,
    5,
    29,
    16,
    28,
    12,
    25,
    24,
    18,
    1,
    8,
    2,
    7,
    20
  ],
  "pool_size": 30,
  "selection_strategy": "random",
  "qd_alpha": null,
  "diffusion_time_used": 1.0,
  "diffusion_time_per_run": [
    1.0,
    1.0,
    1.0,
    1.0,
    1.0
  ]
}