{
  "dataset": "__final_gaussian",
  "algorithm": "sdgca_modified",
  "algorithm_label": "SDGCA, модифицированная версия",
  "method": "average",
  "method_label": "average",
  "seed": 19,
  "m": 12,
  "runs": 2,
  "nmi_mean": 0.820469,
  "nmi_std": 0.0,
  "ari_mean": 0.719227,
  "ari_std": 0.0,
  "f_mean": 0.794536,
  "f_std": 0.0,
  "elapsed_sec": 2.86,
  "created_at": "2026-05-11T13:49:13",
  "nmi_scores": [
    0.8204690780047037,
    0.8204690780047037
  ],
  "ari_scores": [
    0.7192266287017545,
    0.7192266287017545
  ],
  "f_scores": [
    0.7945358238081962,
    0.7945358238081962
  ],
  "selected_base_clusterings": [
    9,
    8,
    7,
    4,
    0,
    10,
    5,
    2,
    11,
    1,
    3,
    6
  ],
  "pool_size": 12,
  "selection_strategy": "random",
  "qd_alpha": null,
  "diffusion_time_used": 1.0,
  "diffusion_time_per_run": [
    1.0,
    1.0
  ]
}