{
  "dataset": "__final_gaussian",
  "algorithm": "hierarchical_baseline",
  "algorithm_label": "Иерархическая базовая версия",
  "method": "average",
  "method_label": "average",
  "seed": 19,
  "m": 12,
  "runs": 2,
  "nmi_mean": 0.792709,
  "nmi_std": 0.0,
  "ari_mean": 0.717443,
  "ari_std": 0.0,
  "f_mean": 0.789489,
  "f_std": 0.0,
  "elapsed_sec": 0.02,
  "created_at": "2026-05-11T13:49:08",
  "nmi_scores": [
    0.7927085454871323,
    0.7927085454871323
  ],
  "ari_scores": [
    0.717443066896521,
    0.717443066896521
  ],
  "f_scores": [
    0.789489223501624,
    0.789489223501624
  ],
  "selected_base_clusterings": [
    9,
    8,
    7,
    4,
    0,
    10,
    5,
    2,
    11,
    1,
    3,
    6
  ],
  "pool_size": 12,
  "selection_strategy": "random",
  "qd_alpha": null
}