{
  "dataset": "__final_elongated",
  "algorithm": "hierarchical_weighted",
  "algorithm_label": "Иерархическая взвешенная версия",
  "method": "average",
  "method_label": "average",
  "seed": 19,
  "m": 12,
  "runs": 2,
  "nmi_mean": 1.0,
  "nmi_std": 0.0,
  "ari_mean": 1.0,
  "ari_std": 0.0,
  "f_mean": 1.0,
  "f_std": 0.0,
  "elapsed_sec": 0.06,
  "created_at": "2026-05-11T13:49:13",
  "nmi_scores": [
    1.0,
    1.0
  ],
  "ari_scores": [
    1.0,
    1.0
  ],
  "f_scores": [
    1.0,
    1.0
  ],
  "selected_base_clusterings": [
    9,
    8,
    7,
    4,
    0,
    10,
    5,
    2,
    11,
    1,
    3,
    6
  ],
  "pool_size": 12,
  "selection_strategy": "random",
  "qd_alpha": null,
  "sharpen": 1.5,
  "avg_weights": [
    0.0826635636991156,
    0.08490508044807975,
    0.08215822691841435,
    0.08373750894222198,
    0.08476222488741797,
    0.08285051848809444,
    0.08410475083810219,
    0.08380198454855403,
    0.08360085741294429,
    0.08011490585911436,
    0.08269694124778482,
    0.08460343671015638
  ]
}