{
  "dataset": "__final_smoke",
  "algorithm": "hierarchical_baseline",
  "algorithm_label": "Иерархическая базовая версия",
  "method": "average",
  "method_label": "average",
  "seed": 19,
  "m": 10,
  "runs": 2,
  "nmi_mean": 0.792709,
  "nmi_std": 0.0,
  "ari_mean": 0.717443,
  "ari_std": 0.0,
  "f_mean": 0.789489,
  "f_std": 0.0,
  "elapsed_sec": 0.04,
  "created_at": "2026-05-11T13:48:26",
  "nmi_scores": [
    0.7927085454871323,
    0.7927085454871323
  ],
  "ari_scores": [
    0.717443066896521,
    0.717443066896521
  ],
  "f_scores": [
    0.789489223501624,
    0.789489223501624
  ],
  "selected_base_clusterings": [
    5,
    7,
    0,
    9,
    2,
    8,
    1,
    4,
    3,
    6
  ],
  "pool_size": 10,
  "selection_strategy": "random",
  "qd_alpha": null
}