{
  "dataset": "custom_repliclust_dataset",
  "algorithm": "hierarchical_baseline",
  "algorithm_label": "Иерархическая базовая версия",
  "method": "average",
  "method_label": "average",
  "seed": 19,
  "m": 20,
  "runs": 5,
  "nmi_mean": 0.870917,
  "nmi_std": 0.052456,
  "ari_mean": 0.827645,
  "ari_std": 0.107926,
  "f_mean": 0.864052,
  "f_std": 0.08305,
  "created_at": "2026-05-10T22:28:54",
  "nmi_scores": [
    0.8059222949124857,
    0.904544224569312,
    0.9349157076325872,
    0.8980450193718345,
    0.8111553548016831
  ],
  "ari_scores": [
    0.6937307241826411,
    0.8976262655147045,
    0.952235745013973,
    0.892307761922602,
    0.7023245208790002
  ],
  "f_scores": [
    0.760988714992339,
    0.9173166356933634,
    0.9609720196063161,
    0.913029193810129,
    0.7679540989307138
  ],
  "selected_base_clusterings": [
    21,
    23,
    9,
    11,
    14,
    26,
    4,
    5,
    29,
    16,
    28,
    12,
    25,
    24,
    18,
    1,
    8,
    2,
    7,
    20
  ],
  "pool_size": 30,
  "selection_strategy": "random",
  "qd_alpha": null
}