{
  "dataset": "__e2e_overlap",
  "algorithm": "sdgca",
  "algorithm_label": "SDGCA",
  "method": "average",
  "method_label": "average",
  "seed": 19,
  "m": 10,
  "runs": 3,
  "nmi_mean": 0.496919,
  "nmi_std": 0.0,
  "ari_mean": 0.391442,
  "ari_std": 0.0,
  "f_mean": 0.556644,
  "f_std": 0.0,
  "elapsed_sec": 4.03,
  "created_at": "2026-05-11T16:32:38",
  "nmi_scores": [
    0.4969189079684184,
    0.4969189079684184,
    0.4969189079684184
  ],
  "ari_scores": [
    0.39144192204894573,
    0.39144192204894573,
    0.39144192204894573
  ],
  "f_scores": [
    0.5566443813536038,
    0.5566443813536038,
    0.5566443813536038
  ],
  "selected_base_clusterings": [
    5,
    7,
    0,
    9,
    2,
    8,
    1,
    4,
    3,
    6
  ],
  "pool_size": 10,
  "selection_strategy": "random",
  "qd_alpha": null
}