{
  "dataset": "__perf_400",
  "algorithm": "hierarchical_weighted",
  "algorithm_label": "Иерархическая взвешенная версия",
  "method": "average",
  "method_label": "average",
  "seed": 19,
  "m": 20,
  "runs": 3,
  "nmi_mean": 0.790839,
  "nmi_std": 0.0,
  "ari_mean": 0.735656,
  "ari_std": 0.0,
  "f_mean": 0.801411,
  "f_std": 0.0,
  "elapsed_sec": 0.51,
  "created_at": "2026-05-11T13:43:20",
  "nmi_scores": [
    0.7908392741065575,
    0.7908392741065575,
    0.7908392741065575
  ],
  "ari_scores": [
    0.7356563390223612,
    0.7356563390223612,
    0.7356563390223612
  ],
  "f_scores": [
    0.8014105793450882,
    0.8014105793450882,
    0.8014105793450882
  ],
  "selected_base_clusterings": [
    16,
    12,
    4,
    5,
    9,
    1,
    18,
    8,
    2,
    14,
    11,
    0,
    19,
    7,
    13,
    10,
    6,
    17,
    15,
    3
  ],
  "pool_size": 20,
  "selection_strategy": "random",
  "qd_alpha": null,
  "sharpen": 1.5,
  "avg_weights": [
    0.047409439327037874,
    0.048415642436256075,
    0.051729595271212035,
    0.04872713168015777,
    0.04814825454019229,
    0.05249961281826957,
    0.05320052502204827,
    0.05044929993256919,
    0.0456423308453166,
    0.0488592666518301,
    0.04953130541212286,
    0.052500603747586694,
    0.049807741995253875,
    0.05011030119416504,
    0.04916132580460647,
    0.048873793276580875,
    0.04535538713695825,
    0.05313781382027977,
    0.0536255258400041,
    0.052815103247552286
  ]
}