{
  "dataset": "__final_smoke",
  "algorithm": "hierarchical_weighted",
  "algorithm_label": "Иерархическая взвешенная версия",
  "method": "average",
  "method_label": "average",
  "seed": 19,
  "m": 10,
  "runs": 3,
  "nmi_mean": 0.792709,
  "nmi_std": 0.0,
  "ari_mean": 0.717443,
  "ari_std": 0.0,
  "f_mean": 0.789489,
  "f_std": 0.0,
  "elapsed_sec": 0.16,
  "created_at": "2026-05-11T14:23:54",
  "nmi_scores": [
    0.7927085454871323,
    0.7927085454871323,
    0.7927085454871323
  ],
  "ari_scores": [
    0.717443066896521,
    0.717443066896521,
    0.717443066896521
  ],
  "f_scores": [
    0.789489223501624,
    0.789489223501624,
    0.789489223501624
  ],
  "selected_base_clusterings": [
    5,
    7,
    0,
    9,
    2,
    8,
    1,
    4,
    3,
    6
  ],
  "pool_size": 10,
  "selection_strategy": "random",
  "qd_alpha": null,
  "sharpen": 1.5,
  "avg_weights": [
    0.10489600544271775,
    0.08757644645271585,
    0.10508844357997867,
    0.10528269878246166,
    0.09239508340482767,
    0.10200290168273413,
    0.10512380668991682,
    0.10279865583077778,
    0.10487250130130954,
    0.08996345683256024
  ]
}