{
  "dataset": "__final_smoke",
  "algorithm": "hierarchical_weighted",
  "algorithm_label": "Иерархическая взвешенная версия",
  "method": "average",
  "method_label": "average",
  "seed": 19,
  "m": 10,
  "runs": 2,
  "nmi_mean": 0.792709,
  "nmi_std": 0.0,
  "ari_mean": 0.717443,
  "ari_std": 0.0,
  "f_mean": 0.789489,
  "f_std": 0.0,
  "elapsed_sec": 0.06,
  "created_at": "2026-05-11T13:48:26",
  "nmi_scores": [
    0.7927085454871323,
    0.7927085454871323
  ],
  "ari_scores": [
    0.717443066896521,
    0.717443066896521
  ],
  "f_scores": [
    0.789489223501624,
    0.789489223501624
  ],
  "selected_base_clusterings": [
    5,
    7,
    0,
    9,
    2,
    8,
    1,
    4,
    3,
    6
  ],
  "pool_size": 10,
  "selection_strategy": "random",
  "qd_alpha": null,
  "sharpen": 1.5,
  "avg_weights": [
    0.10572486799171829,
    0.0819196131364818,
    0.10545940393461117,
    0.10397924109569764,
    0.10611806851335169,
    0.10077804642383711,
    0.10384544627262242,
    0.10239200408582587,
    0.10338986362058682,
    0.08639344492526732
  ]
}