{
  "dataset": "__test_gaussian_dataset",
  "algorithm": "sdgca",
  "algorithm_label": "SDGCA",
  "method": "average",
  "method_label": "average",
  "seed": 19,
  "m": 10,
  "runs": 2,
  "nmi_mean": 0.742776,
  "nmi_std": 0.0,
  "ari_mean": 0.669557,
  "ari_std": 0.0,
  "f_mean": 0.750593,
  "f_std": 0.0,
  "elapsed_sec": 1.41,
  "created_at": "2026-05-11T13:42:55",
  "nmi_scores": [
    0.7427759186399016,
    0.7427759186399016
  ],
  "ari_scores": [
    0.6695568265523576,
    0.6695568265523576
  ],
  "f_scores": [
    0.7505929574895093,
    0.7505929574895093
  ],
  "selected_base_clusterings": [
    5,
    7,
    0,
    9,
    2,
    8,
    1,
    4,
    3,
    6
  ],
  "pool_size": 10,
  "selection_strategy": "random",
  "qd_alpha": null
}