{
  "dataset": "__final_density",
  "algorithm": "hierarchical_weighted",
  "algorithm_label": "Иерархическая взвешенная версия",
  "method": "average",
  "method_label": "average",
  "seed": 19,
  "m": 12,
  "runs": 2,
  "nmi_mean": 1.0,
  "nmi_std": 0.0,
  "ari_mean": 1.0,
  "ari_std": 0.0,
  "f_mean": 1.0,
  "f_std": 0.0,
  "elapsed_sec": 0.08,
  "created_at": "2026-05-11T13:49:16",
  "nmi_scores": [
    1.0,
    1.0
  ],
  "ari_scores": [
    1.0,
    1.0
  ],
  "f_scores": [
    1.0,
    1.0
  ],
  "selected_base_clusterings": [
    9,
    8,
    7,
    4,
    0,
    10,
    5,
    2,
    11,
    1,
    3,
    6
  ],
  "pool_size": 12,
  "selection_strategy": "random",
  "qd_alpha": null,
  "sharpen": 1.5,
  "avg_weights": [
    0.08161800413236403,
    0.07938589858335424,
    0.08451836657342178,
    0.0785753933104991,
    0.081832187980968,
    0.08693800762102125,
    0.0863822128889958,
    0.08635227383725358,
    0.08310050322691359,
    0.08769616271327549,
    0.08501211464620459,
    0.07858887448572861
  ]
}