{
  "dataset": "design_compact_easy_5k",
  "algorithm": "hierarchical_baseline",
  "algorithm_label": "Иерархическая базовая версия",
  "method": "average",
  "method_label": "average",
  "seed": 19,
  "m": 20,
  "runs": 3,
  "nmi_mean": 0.955073,
  "nmi_std": 0.063537,
  "ari_mean": 0.906291,
  "ari_std": 0.132524,
  "f_mean": 0.927422,
  "f_std": 0.102641,
  "elapsed_sec": 1.11,
  "created_at": "2026-05-11T16:33:14",
  "nmi_scores": [
    1.0,
    1.0,
    0.8652184888927672
  ],
  "ari_scores": [
    1.0,
    1.0,
    0.7188731903397129
  ],
  "f_scores": [
    1.0,
    1.0,
    0.7822646847671005
  ],
  "selected_base_clusterings": [
    9,
    12,
    14,
    21,
    4,
    5,
    11,
    18,
    26,
    25,
    16,
    23,
    24,
    1,
    8,
    27,
    2,
    7,
    20,
    0
  ],
  "pool_size": 28,
  "selection_strategy": "random",
  "qd_alpha": null
}