{
  "dataset": "__perf_400",
  "algorithm": "sdgca",
  "algorithm_label": "SDGCA",
  "method": "average",
  "method_label": "average",
  "seed": 19,
  "m": 20,
  "runs": 3,
  "nmi_mean": 0.792449,
  "nmi_std": 0.0,
  "ari_mean": 0.738691,
  "ari_std": 0.0,
  "f_mean": 0.803659,
  "f_std": 0.0,
  "elapsed_sec": 21.86,
  "created_at": "2026-05-11T13:43:42",
  "nmi_scores": [
    0.7924492332744936,
    0.7924492332744936,
    0.7924492332744936
  ],
  "ari_scores": [
    0.7386906882915761,
    0.7386906882915761,
    0.7386906882915761
  ],
  "f_scores": [
    0.8036591819762607,
    0.8036591819762607,
    0.8036591819762607
  ],
  "selected_base_clusterings": [
    16,
    12,
    4,
    5,
    9,
    1,
    18,
    8,
    2,
    14,
    11,
    0,
    19,
    7,
    13,
    10,
    6,
    17,
    15,
    3
  ],
  "pool_size": 20,
  "selection_strategy": "random",
  "qd_alpha": null
}