{
  "dataset": "gaussian_dataset",
  "algorithm": "hierarchical_weighted",
  "algorithm_label": "Иерархическая взвешенная версия",
  "method": "average",
  "method_label": "average",
  "seed": 19,
  "m": 20,
  "runs": 3,
  "nmi_mean": 0.792618,
  "nmi_std": 0.001526,
  "ari_mean": 0.73276,
  "ari_std": 0.006364,
  "f_mean": 0.79989,
  "f_std": 0.003851,
  "elapsed_sec": 0.24,
  "created_at": "2026-05-11T16:33:01",
  "nmi_scores": [
    0.7924492332744936,
    0.7908392741065575,
    0.7945664752842613
  ],
  "ari_scores": [
    0.7386906882915761,
    0.7356563390223612,
    0.7239322017815417
  ],
  "f_scores": [
    0.8036591819762607,
    0.8014105793450882,
    0.7946009389671361
  ],
  "selected_base_clusterings": [
    21,
    23,
    9,
    11,
    14,
    26,
    4,
    5,
    29,
    16,
    28,
    12,
    25,
    24,
    18,
    1,
    8,
    2,
    7,
    20
  ],
  "pool_size": 30,
  "selection_strategy": "random",
  "qd_alpha": null,
  "sharpen": 1.5,
  "avg_weights": [
    0.05160288958324691,
    0.04768203339144341,
    0.051469553593874395,
    0.053728851542111634,
    0.043570177014392135,
    0.0528095901093333,
    0.048395293562369456,
    0.046835480228851915,
    0.04809790368611005,
    0.04835415314355133,
    0.05308159318622548,
    0.047610403830233315,
    0.04885909126185378,
    0.053293532368273944,
    0.04836114285893997,
    0.0482658560999512,
    0.0539054259348667,
    0.051914033191159135,
    0.05341580666842618,
    0.048747188744785876
  ]
}