{
  "dataset": "analysis_imbalanced",
  "algorithm": "hierarchical_baseline",
  "algorithm_label": "Иерархическая базовая версия",
  "method": "average",
  "method_label": "average",
  "seed": 19,
  "m": 20,
  "runs": 5,
  "nmi_mean": 0.953556,
  "nmi_std": 0.002349,
  "ari_mean": 0.924569,
  "ari_std": 0.002273,
  "f_mean": 0.936083,
  "f_std": 0.001935,
  "created_at": "2026-05-11T12:50:22",
  "nmi_scores": [
    0.951097573194967,
    0.9557365305301271,
    0.9511368212563955,
    0.9568164020664401,
    0.9529909838156637
  ],
  "ari_scores": [
    0.921449707804748,
    0.9262892507407154,
    0.9230711490790462,
    0.927848960927077,
    0.9241877589722897
  ],
  "f_scores": [
    0.9334247538753081,
    0.9375408254315221,
    0.9348113755945807,
    0.9388780101824692,
    0.9357595164712004
  ],
  "selected_base_clusterings": [
    12,
    5,
    4,
    24,
    10,
    25,
    33,
    3,
    7,
    28,
    29,
    16,
    37,
    13,
    34,
    17,
    11,
    38,
    21,
    14
  ],
  "pool_size": 40,
  "selection_strategy": "random",
  "qd_alpha": null
}