{
  "dataset": "Aggregation",
  "algorithm": "hierarchical_baseline",
  "algorithm_label": "Иерархическая базовая версия",
  "method": "average",
  "method_label": "average",
  "seed": 19,
  "m": 20,
  "runs": 5,
  "nmi_mean": 0.9731,
  "nmi_std": 0.024074,
  "ari_mean": 0.973104,
  "ari_std": 0.033394,
  "f_mean": 0.978713,
  "f_std": 0.026574,
  "created_at": "2026-05-10T16:35:33",
  "nmi_scores": [
    0.9851370251428081,
    0.9851370251428081,
    0.9851370251428081,
    0.9851370251428081,
    0.9249520987422706
  ],
  "ari_scores": [
    0.9898005667112105,
    0.9898005667112105,
    0.9898005667112105,
    0.9898005667112105,
    0.9063152742188052
  ],
  "f_scores": [
    0.9920003588624062,
    0.9920003588624062,
    0.9920003588624062,
    0.9920003588624062,
    0.9255658871043486
  ],
  "selected_base_clusterings": [
    97,
    66,
    60,
    81,
    34,
    53,
    28,
    16,
    3,
    10,
    7,
    4,
    68,
    96,
    88,
    24,
    15,
    1,
    80,
    57
  ],
  "pool_size": 100,
  "selection_strategy": "random",
  "qd_alpha": null
}