{
  "dataset": "Lung",
  "algorithm": "hierarchical_weighted",
  "algorithm_label": "Иерархическая взвешенная версия",
  "method": "average",
  "method_label": "average",
  "seed": 19,
  "m": 10,
  "runs": 3,
  "nmi_mean": 0.683366,
  "nmi_std": 0.042668,
  "ari_mean": 0.643006,
  "ari_std": 0.085211,
  "f_mean": 0.793377,
  "f_std": 0.051558,
  "elapsed_sec": 0.21,
  "created_at": "2026-05-11T14:31:52",
  "nmi_scores": [
    0.7083151299072225,
    0.6233104262079093,
    0.7184730525856431
  ],
  "ari_scores": [
    0.6525130023489807,
    0.5342161812890099,
    0.7422881065181727
  ],
  "f_scores": [
    0.7954375252030647,
    0.7292270943524994,
    0.8554666081807216
  ],
  "selected_base_clusterings": [
    97,
    66,
    60,
    81,
    34,
    53,
    28,
    16,
    3,
    10
  ],
  "pool_size": 100,
  "selection_strategy": "random",
  "qd_alpha": null,
  "sharpen": 1.5,
  "avg_weights": [
    0.09659467975064896,
    0.10408474746106226,
    0.1003651424673448,
    0.10291382094616151,
    0.10021062550867842,
    0.10066537880116459,
    0.10354540873687741,
    0.09247219571983623,
    0.09776393520675734,
    0.10138406540146842
  ]
}