{
  "dataset": "__final_gaussian",
  "algorithm": "hierarchical_weighted",
  "algorithm_label": "Иерархическая взвешенная версия",
  "method": "average",
  "method_label": "average",
  "seed": 19,
  "m": 12,
  "runs": 2,
  "nmi_mean": 0.792709,
  "nmi_std": 0.0,
  "ari_mean": 0.717443,
  "ari_std": 0.0,
  "f_mean": 0.789489,
  "f_std": 0.0,
  "elapsed_sec": 0.05,
  "created_at": "2026-05-11T13:49:08",
  "nmi_scores": [
    0.7927085454871323,
    0.7927085454871323
  ],
  "ari_scores": [
    0.717443066896521,
    0.717443066896521
  ],
  "f_scores": [
    0.789489223501624,
    0.789489223501624
  ],
  "selected_base_clusterings": [
    9,
    8,
    7,
    4,
    0,
    10,
    5,
    2,
    11,
    1,
    3,
    6
  ],
  "pool_size": 12,
  "selection_strategy": "random",
  "qd_alpha": null,
  "sharpen": 1.5,
  "avg_weights": [
    0.0869658239332132,
    0.08465740836821681,
    0.07056401462847031,
    0.08727351565498588,
    0.08404186863399882,
    0.08513613104418487,
    0.0849352240770917,
    0.08854992361777525,
    0.08665495147703112,
    0.07093737374010663,
    0.08372867819483751,
    0.08655508663008796
  ]
}