{
  "dataset": "Lung",
  "algorithm": "hierarchical_baseline",
  "algorithm_label": "Иерархическая базовая версия",
  "method": "average",
  "method_label": "average",
  "seed": 19,
  "m": 10,
  "runs": 3,
  "nmi_mean": 0.648703,
  "nmi_std": 0.087494,
  "ari_mean": 0.555737,
  "ari_std": 0.202937,
  "f_mean": 0.714571,
  "f_std": 0.158274,
  "elapsed_sec": 0.08,
  "created_at": "2026-05-11T14:31:52",
  "nmi_scores": [
    0.7023163336499179,
    0.5253192996542161,
    0.7184730525856431
  ],
  "ari_scores": [
    0.6513387291944291,
    0.2735849644530836,
    0.7422881065181727
  ],
  "f_scores": [
    0.794746241142923,
    0.4934993841521829,
    0.8554666081807216
  ],
  "selected_base_clusterings": [
    97,
    66,
    60,
    81,
    34,
    53,
    28,
    16,
    3,
    10
  ],
  "pool_size": 100,
  "selection_strategy": "random",
  "qd_alpha": null
}