{
  "dataset": "Aggregation",
  "algorithm": "hierarchical_weighted",
  "algorithm_label": "Иерархическая взвешенная версия",
  "method": "average",
  "method_label": "average",
  "seed": 19,
  "m": 10,
  "runs": 3,
  "nmi_mean": 0.956101,
  "nmi_std": 0.041063,
  "ari_mean": 0.939626,
  "ari_std": 0.070957,
  "f_mean": 0.951632,
  "f_std": 0.05709,
  "elapsed_sec": 0.71,
  "created_at": "2026-05-11T14:24:05",
  "nmi_scores": [
    0.9851370251428081,
    0.9851370251428081,
    0.8980283472719888
  ],
  "ari_scores": [
    0.9898005667112105,
    0.9898005667112105,
    0.839277995551596
  ],
  "f_scores": [
    0.9920003588624062,
    0.9920003588624062,
    0.8708940604602391
  ],
  "selected_base_clusterings": [
    97,
    66,
    60,
    81,
    34,
    53,
    28,
    16,
    3,
    10
  ],
  "pool_size": 100,
  "selection_strategy": "random",
  "qd_alpha": null,
  "sharpen": 1.5,
  "avg_weights": [
    0.10301121087785799,
    0.10360818692716824,
    0.08480603147602798,
    0.10302424019037941,
    0.10428977885369045,
    0.10029499681147656,
    0.09425915695455862,
    0.1020899269166544,
    0.10222336009524413,
    0.10239311089694221
  ]
}