{
  "dataset": "__test_elongated_dataset",
  "algorithm": "hierarchical_baseline",
  "algorithm_label": "Иерархическая базовая версия",
  "method": "average",
  "method_label": "average",
  "seed": 19,
  "m": 10,
  "runs": 3,
  "nmi_mean": 0.8668,
  "nmi_std": 0.0,
  "ari_mean": 0.767247,
  "ari_std": 0.0,
  "f_mean": 0.834369,
  "f_std": 0.0,
  "elapsed_sec": 0.06,
  "created_at": "2026-05-11T14:31:34",
  "nmi_scores": [
    0.8667999146084613,
    0.8667999146084613,
    0.8667999146084613
  ],
  "ari_scores": [
    0.7672471655396207,
    0.7672471655396207,
    0.7672471655396207
  ],
  "f_scores": [
    0.8343688437642067,
    0.8343688437642067,
    0.8343688437642067
  ],
  "selected_base_clusterings": [
    5,
    7,
    0,
    9,
    2,
    8,
    1,
    4,
    3,
    6
  ],
  "pool_size": 10,
  "selection_strategy": "random",
  "qd_alpha": null
}