{
  "dataset": "gaussian_dataset",
  "algorithm": "hierarchical_baseline",
  "algorithm_label": "Иерархическая базовая версия",
  "method": "average",
  "method_label": "average",
  "seed": 19,
  "m": 20,
  "runs": 3,
  "nmi_mean": 0.793155,
  "nmi_std": 0.000998,
  "ari_mean": 0.733771,
  "ari_std": 0.006957,
  "f_mean": 0.80064,
  "f_std": 0.00427,
  "elapsed_sec": 0.12,
  "created_at": "2026-05-11T16:33:01",
  "nmi_scores": [
    0.7924492332744936,
    0.7924492332744936,
    0.7945664752842613
  ],
  "ari_scores": [
    0.7386906882915761,
    0.7386906882915761,
    0.7239322017815417
  ],
  "f_scores": [
    0.8036591819762607,
    0.8036591819762607,
    0.7946009389671361
  ],
  "selected_base_clusterings": [
    21,
    23,
    9,
    11,
    14,
    26,
    4,
    5,
    29,
    16,
    28,
    12,
    25,
    24,
    18,
    1,
    8,
    2,
    7,
    20
  ],
  "pool_size": 30,
  "selection_strategy": "random",
  "qd_alpha": null
}