{
  "dataset": "__test_elongated_dataset",
  "algorithm": "hierarchical_weighted",
  "algorithm_label": "Иерархическая взвешенная версия",
  "method": "average",
  "method_label": "average",
  "seed": 19,
  "m": 10,
  "runs": 3,
  "nmi_mean": 0.955298,
  "nmi_std": 0.0,
  "ari_mean": 0.964677,
  "ari_std": 0.0,
  "f_mean": 0.973505,
  "f_std": 0.0,
  "elapsed_sec": 0.16,
  "created_at": "2026-05-11T14:31:35",
  "nmi_scores": [
    0.9552983216743242,
    0.9552983216743242,
    0.9552983216743242
  ],
  "ari_scores": [
    0.964676763230516,
    0.964676763230516,
    0.964676763230516
  ],
  "f_scores": [
    0.9735051915503043,
    0.9735051915503043,
    0.9735051915503043
  ],
  "selected_base_clusterings": [
    5,
    7,
    0,
    9,
    2,
    8,
    1,
    4,
    3,
    6
  ],
  "pool_size": 10,
  "selection_strategy": "random",
  "qd_alpha": null,
  "sharpen": 1.5,
  "avg_weights": [
    0.1068041028694855,
    0.09670220155917204,
    0.09937068846808063,
    0.10665756600833891,
    0.0979569948040281,
    0.10200758752392254,
    0.10177798254476772,
    0.0943222090661172,
    0.10375290896956323,
    0.0906477581865242
  ]
}