{
  "dataset": "design_mini_imbalanced",
  "algorithm": "hierarchical_weighted",
  "algorithm_label": "Иерархическая взвешенная версия",
  "method": "average",
  "method_label": "average",
  "seed": 19,
  "m": 20,
  "runs": 3,
  "nmi_mean": 1.0,
  "nmi_std": 0.0,
  "ari_mean": 1.0,
  "ari_std": 0.0,
  "f_mean": 1.0,
  "f_std": 0.0,
  "elapsed_sec": 0.28,
  "created_at": "2026-05-11T16:33:08",
  "nmi_scores": [
    1.0,
    1.0,
    1.0
  ],
  "ari_scores": [
    1.0,
    1.0,
    1.0
  ],
  "f_scores": [
    1.0,
    1.0,
    1.0
  ],
  "selected_base_clusterings": [
    9,
    12,
    14,
    21,
    4,
    5,
    11,
    18,
    26,
    25,
    16,
    23,
    24,
    1,
    8,
    27,
    2,
    7,
    20,
    0
  ],
  "pool_size": 28,
  "selection_strategy": "random",
  "qd_alpha": null,
  "sharpen": 1.5,
  "avg_weights": [
    0.052833092228088706,
    0.047545092966975545,
    0.04519583981600683,
    0.054462564524958235,
    0.04631027774897536,
    0.05179035019256049,
    0.05262885997407191,
    0.04998201694644392,
    0.04473219190878761,
    0.050403723308840104,
    0.054278413733945374,
    0.052585623986765306,
    0.043575001179433887,
    0.05421811776153198,
    0.0474807826898477,
    0.04915666458949019,
    0.05213483182361663,
    0.05225866231310986,
    0.05147560310694643,
    0.046952289199603946
  ]
}