{
  "dataset": "__perf_400",
  "algorithm": "sdgca_modified",
  "algorithm_label": "SDGCA, модифицированная версия",
  "method": "average",
  "method_label": "average",
  "seed": 19,
  "m": 20,
  "runs": 3,
  "nmi_mean": 0.790839,
  "nmi_std": 0.0,
  "ari_mean": 0.735656,
  "ari_std": 0.0,
  "f_mean": 0.801411,
  "f_std": 0.0,
  "elapsed_sec": 19.58,
  "created_at": "2026-05-11T13:44:01",
  "nmi_scores": [
    0.7908392741065577,
    0.7908392741065577,
    0.7908392741065577
  ],
  "ari_scores": [
    0.7356563390223612,
    0.7356563390223612,
    0.7356563390223612
  ],
  "f_scores": [
    0.8014105793450882,
    0.8014105793450882,
    0.8014105793450882
  ],
  "selected_base_clusterings": [
    16,
    12,
    4,
    5,
    9,
    1,
    18,
    8,
    2,
    14,
    11,
    0,
    19,
    7,
    13,
    10,
    6,
    17,
    15,
    3
  ],
  "pool_size": 20,
  "selection_strategy": "random",
  "qd_alpha": null,
  "diffusion_time_used": 1.0,
  "diffusion_time_per_run": [
    1.0,
    1.0,
    1.0
  ]
}