{
  "dataset": "__test_elongated_dataset",
  "algorithm": "sdgca",
  "algorithm_label": "SDGCA",
  "method": "average",
  "method_label": "average",
  "seed": 19,
  "m": 10,
  "runs": 3,
  "nmi_mean": 0.955298,
  "nmi_std": 0.0,
  "ari_mean": 0.964677,
  "ari_std": 0.0,
  "f_mean": 0.973505,
  "f_std": 0.0,
  "elapsed_sec": 1.63,
  "created_at": "2026-05-11T14:31:36",
  "nmi_scores": [
    0.9552983216743242,
    0.9552983216743242,
    0.9552983216743242
  ],
  "ari_scores": [
    0.964676763230516,
    0.964676763230516,
    0.964676763230516
  ],
  "f_scores": [
    0.9735051915503043,
    0.9735051915503043,
    0.9735051915503043
  ],
  "selected_base_clusterings": [
    5,
    7,
    0,
    9,
    2,
    8,
    1,
    4,
    3,
    6
  ],
  "pool_size": 10,
  "selection_strategy": "random",
  "qd_alpha": null
}