{
  "dataset": "design_compact_easy_5k",
  "algorithm": "hierarchical_weighted",
  "algorithm_label": "Иерархическая взвешенная версия",
  "method": "average",
  "method_label": "average",
  "seed": 19,
  "m": 20,
  "runs": 3,
  "nmi_mean": 0.955438,
  "nmi_std": 0.063021,
  "ari_mean": 0.907136,
  "ari_std": 0.13133,
  "f_mean": 0.928103,
  "f_std": 0.101678,
  "elapsed_sec": 1.55,
  "created_at": "2026-05-11T16:33:14",
  "nmi_scores": [
    1.0,
    1.0,
    0.8663129613935564
  ],
  "ari_scores": [
    1.0,
    1.0,
    0.7214075033428503
  ],
  "f_scores": [
    1.0,
    1.0,
    0.7843085074211615
  ],
  "selected_base_clusterings": [
    9,
    12,
    14,
    21,
    4,
    5,
    11,
    18,
    26,
    25,
    16,
    23,
    24,
    1,
    8,
    27,
    2,
    7,
    20,
    0
  ],
  "pool_size": 28,
  "selection_strategy": "random",
  "qd_alpha": null,
  "sharpen": 1.5,
  "avg_weights": [
    0.04621211498760137,
    0.05095275580970248,
    0.048238300885193285,
    0.04613523176307784,
    0.051330374860966956,
    0.05060499768290496,
    0.05148946814977989,
    0.051888802069039584,
    0.05371353460206496,
    0.04870483983477161,
    0.04359531029359346,
    0.05089743470413216,
    0.054888704086313835,
    0.047816493299719535,
    0.05316895632859272,
    0.05347986059323532,
    0.04303798956117108,
    0.05215174040633427,
    0.05333976012941954,
    0.04835332995238506
  ]
}