{
  "dataset": "__final_elongated",
  "algorithm": "sdgca_modified",
  "algorithm_label": "SDGCA, модифицированная версия",
  "method": "average",
  "method_label": "average",
  "seed": 19,
  "m": 12,
  "runs": 2,
  "nmi_mean": 0.982065,
  "nmi_std": 0.0,
  "ari_mean": 0.986551,
  "ari_std": 0.0,
  "f_mean": 0.989945,
  "f_std": 0.0,
  "elapsed_sec": 2.07,
  "created_at": "2026-05-11T13:49:16",
  "nmi_scores": [
    0.9820647801182553,
    0.9820647801182553
  ],
  "ari_scores": [
    0.9865508625381051,
    0.9865508625381051
  ],
  "f_scores": [
    0.9899452463912394,
    0.9899452463912394
  ],
  "selected_base_clusterings": [
    9,
    8,
    7,
    4,
    0,
    10,
    5,
    2,
    11,
    1,
    3,
    6
  ],
  "pool_size": 12,
  "selection_strategy": "random",
  "qd_alpha": null,
  "diffusion_time_used": 1.0,
  "diffusion_time_per_run": [
    1.0,
    1.0
  ]
}