{
  "dataset": "__final_smoke",
  "algorithm": "sdgca",
  "algorithm_label": "SDGCA",
  "method": "average",
  "method_label": "average",
  "seed": 19,
  "m": 10,
  "runs": 2,
  "nmi_mean": 0.818729,
  "nmi_std": 0.0,
  "ari_mean": 0.713463,
  "ari_std": 0.0,
  "f_mean": 0.791074,
  "f_std": 0.0,
  "elapsed_sec": 2.98,
  "created_at": "2026-05-11T13:46:33",
  "nmi_scores": [
    0.8187293371017452,
    0.8187293371017452
  ],
  "ari_scores": [
    0.7134631949969272,
    0.7134631949969272
  ],
  "f_scores": [
    0.7910735604738727,
    0.7910735604738727
  ],
  "selected_base_clusterings": [
    5,
    7,
    0,
    9,
    2,
    8,
    1,
    4,
    3,
    6
  ],
  "pool_size": 10,
  "selection_strategy": "random",
  "qd_alpha": null
}