{
  "dataset": "Aggregation",
  "algorithm": "sdgca_modified",
  "algorithm_label": "SDGCA, модифицированная версия",
  "method": "average",
  "method_label": "average",
  "seed": 19,
  "m": 10,
  "runs": 3,
  "nmi_mean": 0.977284,
  "nmi_std": 0.011106,
  "ari_mean": 0.979603,
  "ari_std": 0.014422,
  "f_mean": 0.983951,
  "f_std": 0.011384,
  "elapsed_sec": 78.15,
  "created_at": "2026-05-11T14:25:23",
  "nmi_scores": [
    0.9851370251428081,
    0.9851370251428081,
    0.9615783544189895
  ],
  "ari_scores": [
    0.9898005667112105,
    0.9898005667112105,
    0.9592063751540509
  ],
  "f_scores": [
    0.9920003588624062,
    0.9920003588624062,
    0.9678513572096773
  ],
  "selected_base_clusterings": [
    97,
    66,
    60,
    81,
    34,
    53,
    28,
    16,
    3,
    10
  ],
  "pool_size": 100,
  "selection_strategy": "random",
  "qd_alpha": null,
  "diffusion_time_used": 0.8,
  "diffusion_time_per_run": [
    0.8,
    0.8,
    0.8
  ]
}