{
  "dataset": "__e2e_overlap",
  "algorithm": "sdgca_modified",
  "algorithm_label": "SDGCA, модифицированная версия",
  "method": "average",
  "method_label": "average",
  "seed": 19,
  "m": 10,
  "runs": 3,
  "nmi_mean": 0.500669,
  "nmi_std": 0.0,
  "ari_mean": 0.397564,
  "ari_std": 0.0,
  "f_mean": 0.5596,
  "f_std": 0.0,
  "elapsed_sec": 4.09,
  "created_at": "2026-05-11T16:32:38",
  "nmi_scores": [
    0.5006686066124238,
    0.5006686066124238,
    0.5006686066124238
  ],
  "ari_scores": [
    0.3975636293951029,
    0.3975636293951029,
    0.3975636293951029
  ],
  "f_scores": [
    0.5595998888580161,
    0.5595998888580161,
    0.5595998888580161
  ],
  "selected_base_clusterings": [
    5,
    7,
    0,
    9,
    2,
    8,
    1,
    4,
    3,
    6
  ],
  "pool_size": 10,
  "selection_strategy": "random",
  "qd_alpha": null,
  "diffusion_time_used": 1.0,
  "diffusion_time_per_run": [
    1.0,
    1.0,
    1.0
  ]
}