{
  "dataset": "__e2e_overlap",
  "algorithm": "hierarchical_weighted",
  "algorithm_label": "Иерархическая взвешенная версия",
  "method": "average",
  "method_label": "average",
  "seed": 19,
  "m": 10,
  "runs": 3,
  "nmi_mean": 0.460877,
  "nmi_std": 0.0,
  "ari_mean": 0.385735,
  "ari_std": 0.0,
  "f_mean": 0.539011,
  "f_std": 0.0,
  "elapsed_sec": 0.05,
  "created_at": "2026-05-11T14:22:05",
  "nmi_scores": [
    0.4608768119938543,
    0.4608768119938543,
    0.4608768119938543
  ],
  "ari_scores": [
    0.38573498095296516,
    0.38573498095296516,
    0.38573498095296516
  ],
  "f_scores": [
    0.5390113762206785,
    0.5390113762206785,
    0.5390113762206785
  ],
  "selected_base_clusterings": [
    5,
    7,
    0,
    9,
    2,
    8,
    1,
    4,
    3,
    6
  ],
  "pool_size": 10,
  "selection_strategy": "random",
  "qd_alpha": null,
  "sharpen": 1.5,
  "avg_weights": [
    0.10465785294204862,
    0.0925941867781314,
    0.1055141776608668,
    0.10553199078699797,
    0.09271287630048598,
    0.09864557849404836,
    0.1035844783866638,
    0.10339561143087887,
    0.10407653376865567,
    0.08928671345122248
  ]
}